DOC_CONTABLE_;TEXTO_BREVE;SALDO_INICIAL;MOVIMIENTOS_CREDITO;SALDO_ACUMULADO;;
1;ACTIVO;3,88E+12;2,23E+13;4,23E+12;;
11;EFECTIVO;41070043057;1,04E+13;14792282951;;
1105;CAJA;41913974;9493786302;31091724;;
110505;EFECTIVO;23693177;9405707498;11534249;;
1105050002;DIVISAS;13535903;11073648;3111149;;
1105050003;EUROS;10157274;2225991;8423100;;
1105050006;CAJA-INCONSISTENCIAS;0;9392407859;0;;
110520;CAJA MENOR;18220797;88078804;19557475;;
1105200001;OTACT: CAJA MENOR;18220797;88078804;19557475;;
1115;BANCOS Y OTRAS ENTIDADES FINANCIERAS;41028129083;1,04E+13;14761191227;;
111505;BANCOS NACIONALES;41028129083;1,04E+13;14761191227;;
1115050150;PL BANCMIA AH6133001;739961723,5;5370957221;1252110686;;
1115050151;PO BANCMIA AH6133001;-177362164,5;18433351002;0;;
1115051030;PRINCIPAL: BANCO AGR;382276415,8;145112147;487067695,3;;
1115051031;POSICION: BANCO AGRA;398873950;1312269103;0;;
1115051060;PRINCIPAL: BANCO DAV;3074102144;58947652843;6422305146;;
1115051061;POSICION: BANCO DAVI;220213796,9;2,29E+11;0;;
1115051070;PRINCIPAL: BANCO DAV;1205558260;3,05E+11;436918797,3;;
1115051071;POSICION: BANCO DAVI;-2252127406;1,05E+12;0;;
1115051160;PRINCIPAL: BANCO DAV;9993831;9993831;0;;
1115051161;POSICION: BANCO DAVI;341889087,5;2023391591;0;;
1115051170;PRINCIPAL: BANCO DAV;6557978,46;1,88E+11;30703975,26;;
1115051171;POSICION: BANCO DAVI;566107203,7;6,43E+11;0;;
1115051190;PRINCIPAL: BANCO DAV;66384,44;0;66384,44;;
1115051920;PRINCIPAL: COLPATRIA;88354,38;0;88354,38;;
1115051921;POSICION: COLPATRIA;-103387381;6463301;0;;
1115052010;PRINCIPAL: BANCO VIL;254503,37;0;254503,37;;
1115052310;PRINCIPAL: BANCO OCC;503198110,6;2352750879;155695168,7;;
1115052311;POSICION: BANCO OCCI;7528120,96;8705860867;0;;
1115052340;PRINCIPAL: HELM BANK;229984692,7;86259250;143883590,7;;
1115052341;PRINCIPAL: HELM BANK;325864792,6;823230515,1;0;;
1115053010;PRINCIPAL: BANCO OCC;279421147,6;1342019938;1324979143;;
1115053011;POSICION: BANCO OCCI;65406614,88;6447795463;0;;
1115053050;PRIN: BBVA ADQUIREN;17382308,73;4011201264;161135587,4;;
1115053051;POS: BBVA ADQUIREN;-232972388,8;16676747674;0;;
1115053070;PRINCIPAL: BANCO BBV;101984963,6;10057376417;77033258,06;;
1115053071;POSICION: BANCO BBVA;-1003320133;41834242075;0;;
1115054010;EFECTIVO;2337418,65;841248089;8322527,65;;
1115054011;EFECTIVO;411655898,3;4033698351;0;;
1115056010;EFECTIVO;6467367,92;0;6467367,92;;
1115056011;EFECTIVO;0;1243053,36;0;;
1115056211;EFECTIVO;10411500;10411500;0;;
1115057010;EFECTIVO;490853820,4;13158906751;643086961,1;;
1115057011;EFECTIVO;-229245975,7;46094880645;0;;
1115057031;EFECTIVO;3723940;7563470;0;;
1115057170;EFECTIVO;0;30865055988;458284905,2;;
1115057171;EFECTIVO;4840025129;66260208223;0;;
1115058020;EFECTIVO;38412085,06;1352964464;250228353,1;;
1115058021;EFECTIVO;-36075605;5632751679;0;;
1115059020;EFECTIVO;2057146,62;11136328165;1180871,24;;
1115059021;POSICION: BANCO CITI;-955108837,5;46472522733;0;;
1115059080;PRINCIPAL: BANCO CIT;3223484698;2,82E+11;736345006,4;;
1115059081;POSICION: BANCO CITI;-1399583620;1,17E+12;0;;
1115059100;PRINCIPAL: BANCO CIT;27521250,96;333074487,6;17134536,41;;
1115059101;POSICION: BANCO CITI;-80462906,35;1202957494;0;;
1115059110;PRINCIPAL: BANCO CIT;16794560,51;2056208823;292520,28;;
1115059111;POSICION: BANCO CITI;-713220093,1;8360377208;0;;
1115059130;PRI MV;26678630353;1,92E+11;32027020,89;;
1115059131;POS MV;0;6,99E+11;0;;
1115059150;PRINCIPAL: BANCO CIT;3522146,99;0;3522146,99;;
1115059151;POSICION: BANCO CITI;1119821,86;3125023;0;;
1115059180;PRINCIPAL: BANCOCITI;2596380699;5555229262;1491201671;;
1115059181;POSICION: BANCOCITIB;-417439719,6;19127059436;0;;
1115059210;PRINCIPAL: BANCO CIT;482717000;0;482717000;;
1115059320;Santander 100007491;299637160,9;1,25E+12;1290886,89;;
1115059321;Santander 100007491;595972389,6;3,28E+12;0;;
1115059341;;0;4955446500;0;;
1115059350;PRIN:SANTANDER BONY;683509265,3;1,18E+11;7006582,05;;
1115059351;POS:SANTANDER BONY;-295488788,4;4,14E+11;0;;
1115059990;PRINCIPAL: SAP-PAGO;110472766,4;29454141300;129840580,2;;
1115059991;POSICION: SAP-PAGO D;-78496699,6;90982704439;0;;
13;INVERSIONES Y OPERACIONES CON DERIVADOS;3,54E+12;4,00E+12;4,03E+12;;
1301;INVERSIONES A VALOR RAZONABLE CON CAMBIOS EN RESUL;1,25E+11;97390104559;1,42E+11;;
130105;TÍTULOS DE TESORERÍA –TES;33552570589;44514178362;40725028553;;
1301050001;INVE: TES TASA FIJA;10310122800;10546848500;12799869500;;
1301050005;INVE: TES UVR;18378827460;24586884805;27925159053;;
1301050038;INVE: TIDIS;4863620329;9380445057;0;;
130110;OTROS TÍTULOS EMITIDOS POR EL GOBIERNO NACIONAL;6630752000;2123374700;7517527200;;
1301100007;INVE: BONOS DISTRITA;6630752000;2123374700;7517527200;;
130115;OTROS EMISORES NACIONALES;84601125769;50752551497;93835651190;;
1301150009;INVE: TIPS EN PESOS;550103271,1;760565947,4;490233415;;
1301150011;INVE: BONOS ENTIDADE;36350150299;29304832100;41866051617;;
1301150013;INVE: BONOS ENTIDADE;25627813600;10691172550;29256029600;;
1301150015;INVE: BONOS SECTOR R;2220780961;1373688223;3180271608;;
1301150019;INVE: BONOS SECTOR R;19799000300;8568641300;19043064950;;
1301150031;INVE: TIPS EN UVR;53277338,67;53651376,37;0,09;;
1302;INVERSIONES A VALOR RAZONABLE CON CAMBIOS EN RESUL;1,48E+11;1,84E+12;2,24E+11;;
130205;EMISORES NACIONALES;1,48E+11;1,84E+12;2,20E+11;;
1302050001;INVE: ACCIONES NEGOC;3204291870;5313449123;4447658734;;
1302050011;INVE: ALIANZA FIDUC;1233558483;8,13E+11;91764136438;;
1302050013;INVE: BBVA FIDU;122736957,1;1,02E+11;10186420922;;
1302050014;PAT_AUTONOMO;1990019264;2057805690;3419610913;;
1302050017;INVE: F_RENTACO;28673962228;36103700888;14134917912;;
1302050018;FDO INVER INMOVAL;19739767326;22740107963;11302907890;;
1302050019;INVE: TITU PART INMO;13797696622;15881173124;15428667559;;
1302050020;INVE: F_BTG PACTUAL;14555448356;509748984;14698732361;;
1302050021;INVE: F_OLD MUTUAL;3970567796;5266801876;3954157054;;
1302050022;INVE: F_ SURA;47991468391;4998944381;50179160423;;
1302050024;FIDU_BTG_VIDA;13197986111;8,29E+11;139651540,9;;
130210;EMISORES EXTRANJEROS;0;3228303963;4620724474;;
1302100002;INVE: MAPFRE AM;0;3228303963;4620724474;;
1303;INVERSIONES A COSTO AMORTIZADO;3,06E+12;1,37E+12;3,22E+12;;
130305;TITULOS DE TESORERÍA - TES;2,14E+12;9,46E+11;2,09E+12;;
1303050001;INVE: BONOS YANKEES;4,07E+11;2,99E+11;4,08E+11;;
1303050003;INVE: BONOS DE PAZ;1,72E+12;6,25E+11;1,67E+12;;
162695;OTRAS;1131996977;1036828811;52,11;;
1626950005;CXC: CTAS CIA VIN;1131996977;1036828811;52,11;;
1628;DEPÓSITOS;4694895173;143406427,1;5220000233;;
162815;PARA JUICIOS EJECUTIVOS;4694895173;143406427,1;5220000233;;
1628150001;CAJA-INCONSISTENCIAS;4694895173;83406427,06;5180598340;;
1628150002;CAJA MENOR;0;60000000;39401893;;
1630;OTACT: CAJA MENOR;4336541635;16097025562;7138351669;;
163010;BANCOS Y OTRAS ENTIDADES FINANCIERAS;0;70457925,07;0;;
1630100001;CXC: ANTICIPO INDUST;0;70457925,07;0;;
163015;RETENCIÓN EN LA FUENTE;0;7164986071;0;;
1630150003;CXC: RETENCION RENDI;0;821919808,8;0;;
1630150008;CXC: RETENCION CREE;0;2751624000;0;;
1630150029;CXC: AUTORETENCION R;0;3591442262;0;;
163025;SOBRANTES EN LIQUIDACIÓN PRIVADA DE IMPUESTOS;4336541635;8781895635;7138351669;;
1630250001;CXC: SOBRANTES ANTIC;4336541635;8781895635;7138351669;;
163035;IMPUESTOS DESCONTABLES;0;79685930,65;0;;
1630350001;CXC: IVA DESCONTABLE;0;79685930,65;0;;
1634;A EMPLEADOS;441511535,4;529683603,4;0;;
163495;OTROS;441511535,4;529683603,4;0;;
1634950001;CXC: ANTICIPO SUELDO;-393041;0;0;;
1634950002;CXC: OTROS ANTICIPOS;-1458544;801800;0;;
1634950003;CAJA;0,4;0,4;0;;
1634950004;CAJA;443363120;527508199;0;;
1634950010;CAJA;0;1373604;0;;
1675;CAJA;1674634864;20445702327;5738539196;;
167500;CAJA;1674634864;20445702327;5738539196;;
1675000001;CAJA;1674634864;20445702327;5738539196;;
1676;CAJA;93983;73245978;18170520;;
167600;CAJA;93983;73245978;18170520;;
1676000001;CAJA;93983;73245978;18170520;;
1678;CAJA;1,02E+11;6,60E+12;1,08E+11;;
167800;CAJA;1,02E+11;6,60E+12;1,08E+11;;
1678000005;CAJA;1,41E+11;3,47E+12;1,15E+11;;
1678000010;CAJA;-3119264704;6,21E+11;-2579267104;;
1678000011;CAJA;-36226421958;2,51E+12;-4590982065;;
1680;CAJA;2,09E+11;8,24E+11;88318992873;;
168010;CAJA;1,13E+11;2,01E+11;53672242253;;
1680100005;CAJA;-1,15E+11;23944996656;-55542847738;;
1680100006;CAJA;-1077975390;445683215;-16373928;;
1680100007;CAJA;-200000;0;-200000;;
1680100008;CAJA;-23310061;42236541;-32032154;;
1680100022;CAJA;32108016,37;2301080546;8665960,87;;
1680100024;CAJA;1086373773;1507284677;24772311;;
1680100026;CAJA;200000;0;200000;;
1680100101;CAJA;1,16E+11;85665007305;55700840402;;
1680100102;CAJA;1069577007;1507284677;7975545;;
1680100103;CAJA;200000;0;200000;;
1680100104;CAJA;23310061;33514448;32032154;;
1680101522;CAJA;74086519250;31064584933;53016256721;;
1680102022;CAJA;382223571,3;4794095881;472746129;;
1680103022;CAJA;37445607569;49387534812;6851;;
168020;CAJA;94544615920;1,85E+11;5252381507;;
1680200037;CAJA;-9069693;0;-9069693;;
1680200038;CAJA;96092083;104319167;689867;;
1680200040;CAJA;179889304;344603372;158677811;;
1680200053;CAJA;69063954;47351792;34353344;;
1680201505;CAJA;94199404674;1,84E+11;5061235525;;
1680201510;CAJA;9235598,54;106896457,9;6494652,97;;
168025;CAJA;36024804551;4,38E+11;29594497417;;
1680250301;CAJA;109949537;2076470131;172030492;;
1680251502;CAJA;35720747977;3,41E+11;29191017194;;
1680252002;CAJA;194107037,3;94582161037;231449731,3;;
168095;CAJA;-34828345449;277391944,1;-200128305;;
1680951005;CAJA;-11424081021;81136159,42;-71183599,41;;
1680951020;CAJA;-23271055853;153509411,8;-126852684,9;;
1680951035;CAJA;-139277;2860198,98;-2023575;;
1680951050;CAJA;-133069291,8;39886173;-68439,83;;
1680952005;CAJA;-2,73;0,97;-2,73;;
1680952509;CAJA;-3,15;0;-3,15;;
1682;CAJA;0;1437684;0;;
168200;CAJA;0;1437684;0;;
1682000001;CAJA;0;1437684;0;;
1683;CAJA;3262003847;6737537336;960283767,8;;
2300008347;CAJA;13217139,6;0;13217139,6;;
2300009206;CAJA;13217139,6;0;13217139,6;;
2300009207;CAJA;3248786708;6737537336;947066628,2;;
1900000114;CAJA;3248786708;6737537336;947066628,2;;
2300001444;CAJA;31486863069;3,29E+11;38303449053;;
9100014751;CAJA;30500712511;3,23E+11;32687413457;;
2300003576;CXCS: DIRECTAS $$;17996895885;2,58E+11;29443054324;;
2300003577;CXCS: DIRECTAS US$;92839711;1954637811;35696700;;
1900000115;CXCS: DIRECTAS-IVA $;1344083550;5754750700;1946759759;;
2300001449;CXCS: DIRECTAS-IVA U;4027418;93293790;1424160;;
9100014752;CXCS: DIRECTAS-GASTO;39481461;0;39481461;;
2300003578;CXCS: CEDIDAS $$;4767428,8;8973963;4509720,8;;
2300003579;CXCS: CEDIDAS US$;-3722362;0;-3722362;;
1900000116;CXCS: RECARGO $$;8551164;13582319;4083673;;
2300001450;CXCS: RECARGO US$;1029239;6890806;1059249;;
9100014753;CXCS: FRACCIONAMIENT;11012759016;57378601176;1215066772;;
2300000524;COASEGURO ACEPTADO;985240322;6496374511;5615234155;;
2300000528;CXCS: COASEGURO ACEP;985240322;6496374511;5615234155;;
2300000627;COASEGURO CEDIDO;910236;1089790;801441;;
2300000661;CXCS: COASEGURO CEDI;910236;1089790;801441;;
2300000662;SISTEMA GENERAL DE RIESGOS LABORALES;966020336;1177862950;1030227462;;
2300001194;EMPLEADORES;964118766;1131817646;1028228659;;
2300001195;CXCS: PRIMAS PENDIEN;964118766;1131817646;1028228659;;
2300001196;OTRAS;1901570;46045304;1998803;;
2300001204;CXCS: INTERESES MORA;1901570;46045304;1998803;;
2300001241;DIVERSAS;852571009,6;7094101238;916726951,6;;
2300001242;OTRAS;852571009,6;7094101238;916726951,6;;
2300001243;CXCO: OTROS DEUDORES;516559365,6;6954160178;584510626,6;;
2300002320;CXCO: EPS NOMINA;132262711;139941060;128467392;;
2300002414;CXC SALVAMEN Y RECOB;203748933;0;203748933;;
2300002415;DETERIORO CUENTAS POR COBRAR ACTIVIDAD ASEGURADORA;-73871218818;27721714791;-74101930476;;
2300002416;PRIMAS POR RECAUDAR;-1646836543;27442416033;-1869760663;;
2300002416;DETC: INTERMEDIARIOS;-10019551;0;-10019551;;
2300002417;DETC: DIRECTAS $$$;-1629680419;27398700428;-1845894374;;
1900000852;DETC: DIRECTAS US$;3006642;24138558;-157918;;
9100245122;DETC: ACEPTADAS $$$;-10479717,64;19199198;-13913184,64;;
2300012279;DETC: CEDIDAS $$$;336502,25;377849;224365,25;;
1900000853;COASEGURADORES;-1674728847;93983;-1674728847;;
9100245123;DETC: COASEGURADORES;-1668683272;93983;-1668683272;;
2300012280;DETC: COASEGURADORES;-6045575;0;-6045575;;
2300012280;REASEGURADORES;-69601146606;0;-69601146606;;
1900000854;DETC: COMPANIAS CEDE;-69601146606;0;-69601146606;;
9100245124;SISTEMA DE RIESGOS LABORALES;-948506821;279204775;-956294360;;
2300012281;DETC: DIRECTAS $$$;-948506821;279204775;-956294360;;
1900000855;DETERIORO (PROVISIONES) OTRAS CUENTAS POR COBRAR;-203748932,4;80000000;-283748932,4;;
9100245125;OTRAS;-203748932,4;80000000;-283748932,4;;
2300012282;DETC: CUENTAS POR CO;0,58;0;0,58;;
1900000856;DETC: PROV-SALVAMENT;-203748933;0;-203748933;;
9100245126;DETC: PROVISION BANC;0;80000000;-80000000;;
2300012283;ACTIVOS MATERIALES;7053924363;2551052933;4968209031;;
1900000857;PROPIEDAD, PLANTA Y EQUIPO;565438724;143524141,9;456186057,4;;
9100245127;VEHÍCULOS;313937316;0;313937316;;
2300012284;ACTF: VEHICULOS;313937316;0;313937316;;
180122;EQUIPO DE OFICINA;4368663969;3559225,74;4397405527;;
1801220001;ACTF: EQUIPO MUEBLES;4368663969;3559225,74;4397405527;;
180124;EQUIPO INFORMÁTICO;2721623873;0;2721623873;;
1801240001;ACTF: EQUIPO DE COMP;2721623873;0;2721623873;;
180162;DEPRECIACIÓN Y AGOTAMIENTO PROPIEDAD, PLANTA Y EQU;-6838786434;139964916,2;-6976780658;;
1801620002;ACTF: DEPR EQ MUEBLE;-3828007592;120524985,6;-3946561886;;
1801620003;ACTF: DEPR EQ COMPUT;-2696841526;19439930,63;-2716281456;;
1801620004;ACTF: DEPR VEHICULOS;-313937316;0,02;-313937316;;
1802;PROPIEDAD, PLANTA Y EQUIPO POR DERECHOS DE USO;6488485638;2407528791;4512022973;;
180200;PROPIEDAD, PLANTA Y EQUIPO POR DERECHOS DE USO;6488485638;2407528791;4512022973;;
1802009901;ACTF: D.USO INMUEBLE;13940089641;0;13940089641;;
1802009902;ACTF: DEPR D.USO INM;-7588538248;2150812639;-9345023870;;
1802009903;ACTF: D.USO VEHICULO;873478344,1;0;873478344,1;;
1802009904;ACTF: DEPR D.USO VEH;-775030242,2;256716151,6;-995007284,8;;
1802009905;ACTF: D.USO E COMPUT;371790230,2;0;371790230,2;;
1802009906;ACTF: DPR D.USO ECOM;-333304086,7;0;-333304086,7;;
19;OTROS ACTIVOS;57566213,97;2716784107;44196633,45;;
1911;ACTIVOS INTANGIBLES;0;0;0;;
191135;PROGRAMAS Y APLICACIONES INFORMÁTICAS;0;0;0;;
1911350001;OACT: LIC SOFTWARE;-1672648497;0;-1672648497;;
1911350005;OACT: LIC SOFTWARE;1672648497;0;1672648497;;
1925;GASTOS PAGADOS POR ANTICIPADO;57566213,97;2636784107;44196633,45;;
192505;SEGUROS;0,01;0;0,01;;
1925059901;OACT: SEGUROS;0,01;0;0,01;;
192510;COSTOS DE CONTRATOS NO PROPORCIONALES;0;1256114660;22;;
1925100001;OACT: COSTOS CONTRAT;0;1256114660;22;;
192595;OTROS;57566213,96;1380669447;44196611,44;;
1925950001;OTROS CARGOS DIFERID;4530285;4530285;0;;
1925950003;OACT: ARRENDAMIENTOS;53035929,07;8839317,48;44196611,59;;
1925950009;OACT: CONTRIBUCIONES;0,01;812557638;0,02;;
1925950017;OACT: PLAN BECA;-0,13;6132000,04;-0,17;;
1925950027;OACT: OTROS DIFERIDO;0,01;548610206,4;0;;
1995;;0;80000000;0;;
199500;;0;80000000;0;;
1995000001;;0;80000000;0;;
2;PASIVO;-3,59E+12;1,46E+13;-3,87E+12;;
21;INSTRUMENTOS FINANCIEROS A COSTO AMORTIZADO;-8197016050;465542328,8;-6059119515;;
2180;PASIVOS POR ARRENDAMIENTOS;-8197016050;465542328,8;-6059119515;;
218000;PASIVOS POR ARRENDAMIENTOS;-8197016050;465542328,8;-6059119515;;
2180000001;PASB: ARRNDTO NIIF16;-8197016050;465542328,8;-6059119515;;
22;INSTRUMENTOS FINANCIEROS A VALOR RAZONABLE;0;4,05E+11;0;;
2225;CONTRATOS FORWARD - DE COBERTURA;0;4,05E+11;0;;
222505;DE MONEDAS (PESO/DÓLAR);0;4,05E+11;0;;
2225050001;INV: FORWARD DERECHO;0;1,93E+11;0;;
2225050002;INV: FORWARD OBLIGAC;0;2,12E+11;0;;
25;CUENTAS POR PAGAR;-24791440253;9,00E+12;-40310835608;;
2501;COMISIONES Y HONORARIOS;-590156768,2;2012282038;-552164924,4;;
250105;HONORARIOS;-590156768,2;2012282038;-552164924,4;;
2501050102;CXP: CXPP-HONORA;-590156768,2;2012282038;-552164924,4;;
2502;COSTOS Y GASTOS POR PAGAR;-9289469,27;1424569901;-970000;;
250215;MANTENIMIENTO Y REPARACIONES;-9289469,27;266863905,1;-970000;;
2502150122;CXP: CXPP-MANTEN;-9289469,27;266863905,1;-970000;;
250295;OTROS;0;1157705996;0;;
2502950103;CXP: FEMAP FONDO DE;0;904789866;0;;
2502950109;;0;3843759;0;;
2502950111;CXP: PRESTAMOS CAJA;0;19597023;0;;
2502950118;CXP: MEDICINA PREPAG;0;229475348;0;;
2503;IMPUESTOS;-1307287804;25256643785;-1684617383;;
250310;INDUSTRIA Y COMERCIO;-735464917,5;4901019966;-1095539594;;
2503100001;IMP: INDUSTRIA Y COM;-735464917,5;4901019966;-1095539594;;
250335;A LAS VENTAS RETENIDO;-571822886,5;20355623819;-589077789,2;;
2503350001;IMP: IVA-PRIMAS POR;-744138998;5439599888;-603745621;;
2503350005;IMP: IVA-GASTOS GENE;63558314,41;669744060,2;33454475,57;;
2503350006;IMP: IVA-GASTOS ADMO;198;137043;0;;
2503350007;IMP: IVA FEE ADMIN;-0,02;0;-0,02;;
2503350012;IMP: IVA-SERVICIOS;540358221,5;2226326188;494720034,9;;
2503350014;IMP: IVA-TRANSITORIO;18585678,63;123294832,8;12018251,59;;
2503350015;IMP: IVA-OTROS CONCE;33069113,34;39308762;-1,16;;
2503350019;IMP: IVA-DESCONTABLE;632001229;3162018685;468076912;;
2503350024;IMP: IVA-ARRENDAMIEN;414039,81;2632360;0,11;;
2503350027;IMP: IVA-IMPUESTO VE;0;3682110;0,11;;
2503350028;IMP: CUENTA PUENTE P;37942052,07;3760723813;36486596,62;;
2503350030;IMP: IVA-DESCONTABL;-1153612735;4928156076;-1030088438;;
2511;PROVEEDORES Y SERVICIOS POR PAGAR;-2598089468;1,29E+11;-2426556252;;
251105;PROVEEDORES;-2568189468;1,29E+11;-2396656252;;
2511050001;PASP: PROVEEDORES $$;-332985077,7;89797785432;-756628298,7;;
2511050002;PASP: PROVEEDORES US;-967718;6465748,1;-1097342,9;;
2511050003;PASP: ANTICIPOS POLI;101114109,1;2917852702;60679296,07;;
2511050005;PASP: PROVEEDORES -;-229504271,8;6406424955;-105980365,4;;
2511050100;PASP: CUENTAS POR PA;-1090314290;25738894971;-544872347,8;;
2511050107;PASP: CXPP-GASTO;-228701499,9;625567182,8;-9980000,59;;
2511050108;PASP: CXPP-GASTO;-777225466,1;3711849484;-1053744803;;
2511050112;PASP: CXPP-PAPEL;0;403436;-403436;;
2511050113;;0;6500;0;;
2511050116;PASP: GASTOS TARJETA;-8278889;13120061;-8318750;;
2511050120;PASP: GASTOS TARJETA;14673635,4;7578009,88;23689795,67;;
2511050123;PASP: CXPP-GASTO;-16000000;58738720,32;0;;
251110;SERVICIOS;-29900000;0;-29900000;;
2511100114;PASP: PROV-SERVICIOS;-29900000;0;-29900000;;
2514;CONTRIBUCIONES, AFILIACIONES Y TRANSFERENCIAS;-410703,92;4370399753;-326028,19;;
251426;FONDO DE RIESGOS LABORALES;-410703,92;4370399753;-326028,19;;
2514260001;PASO: FONDO DE RIESG;-410703,92;4370399753;-326028,19;;
2519;RETENCIONES Y APORTES LABORALES;-1520037337;46090583541;-3758239445;;
251905;RETENCIONES EN LA FUENTE;-1295060003;23895900659;-2464705784;;
2519050001;RFTE: RETENCION COMI;-292924287;1880008828;-159906400;;
2519050002;RFTE: RETENCION HONO;-1228010,07;43104985,57;-3136755,64;;
2519050003;RFTE: RETENCION REND;-20119241;171879955;-68791672;;
2519050005;RFTE: RETENCION SERV;-28402923,1;257356807,3;-23699441,79;;
2519050006;RFTE: RETENCION COMP;-2135274,15;31009519,24;-2337667,39;;
2519050007;RFTE: RETENCION SALA;-53505818;665161237;-7589511;;
2519050015;RFTE: RETENCION ARRE;-1168796;36351720,57;-3326442,3;;
2519050020;RFTE: RETENCION CONT;-673397,44;260848;-0,44;;
2519050024;RFTE: RETENCION IVA;-110097319;857182842,5;-63144441,2;;
2519050025;RFTE: RETENCION ICA;-39084088,62;1263104551;-30598267,62;;
2519050026;RFTE: CUENTA PUENTE;0;10370953763;0;;
2519050028;RFTE: RETENCION CREE;-259773000;2751624000;-1597726000;;
2519050029;RFTE: AUTORETENCION;-235085876,2;3591442262;-345484078,6;;
2519050032;RFTE: RETENCION TERC;-33197811,63;358443209,9;-21025248,01;;
2519050033;RFTE: RETENCION COMI;-5639929,9;29009392,8;-1089215,7;;
2519050034;RFTE: RETENCION HONO;-96448029,14;514562310,3;-76167108,09;;
2519050038;RFTE: RETENCION IVA;-103662858,6;942615276,6;-70008523,46;;
2519050039;RFTE: RETENCION ICA;-11520132,06;106841886;7015421,22;;
2519050060;RFTE: RETENCION PRIM;-14556;3699949;0;;
2519050507;RFTE: RETENCION SERV;-0,23;21287314,29;2309568,06;;
2519053401;RFTE: RETENCION LICE;-378655,06;0;-0,06;;
251910;JUDICIALES;-308861;11924768;0;;
2519100109;PASO: EMBARGOS JUDIC;-308861;11924768;0;;
251930;COLPENSIONES;-141511655,2;20777849633;-1196866741;;
2519300001;PASO: APORTE A SALUD;-22479300;298468220;-19632300;;
2519300002;PASO: APORTES SURATE;-5105700;24971300;-1798300;;
2519300003;PASO: EPS RAMOS DE R;-113926655,2;20454410113;-1175436141;;
251935;CAJA COMPENSACIÓN FAMILIAR, ICBF Y SENA;-22414700;302085816;-14211300;;
2519350001;PASO: CAJA COMPENSAC;-22414700;302085816;-14211300;;
251940;FONDOS DE PENSIONES;-60742118;765758204;-75456530;;
2519400001;PASO: APORTES FONDOS;-49039000;732767700;-58636000;;
2519400002;PASO: APORTES VOLUNT;-8480418;4755680;-8480418;;
2519400003;PASO: APORTES AFC;-3222700;28234824;-8340112;;
251945;RETENCIONES Y APORTES DE NOMINA;0;337064461;-6999090;;
2519450118;PASO: MEDICINA PREPA;0;337064461;-6999090;;
2543;COASEGURADORES CUENTA CORRIENTE ACEPTADOS;-778986691;41345202853;-4734111294;;
254300;COASEGURADORES CUENTA CORRIENTE ACEPTADOS;-778986691;41345202853;-4734111294;;
2543000001;CXPA: COASEG CTA CTE;-778986691;41345202853;-4734111294;;
2544;COASEGURADORES CUENTA CORRIENTE CEDIDOS;0;110625769;-269280;;
254400;COASEGURADORES CUENTA CORRIENTE CEDIDOS;0;110625769;-269280;;
2544000001;CXPA: COASEG CTA CTE;35512387;110390500;35262556;;
2544000007;CXPA: COMISIONES CAU;-35512387;235269;-35531836;;
2551;REASEGURADORES EXTERIOR CUENTA CORRIENTE;-4238494168;7,21E+12;-4961163846;;
255100;REASEGURADORES EXTERIOR CUENTA CORRIENTE;-4238494168;7,21E+12;-4961163846;;
2551000101;CXPA: CTA CTE AUT EX;31205992,23;3,37E+12;70772699800;;
2551000102;CXPA: CTA CTE AUT EX;0;7377384;-526956;;
2551000103;CXPA: PAGOS (PUENTE);336589053,1;2,99E+11;-27333220778;;
2551000104;CXPA: PAGOS (PUENTE);-737988907,1;1,68E+11;-5428066515;;
2551000105;CXPA: CTA CTE FAC EX;-3868300305;1,49E+12;-22474969412;;
2551000106;CXPA: CTA CTE FAC EX;0;1,20E+12;-12468294605;;
2551000109;CXPA: COSTOS XL - DI;-1,1;6,69E+11;-1395157379;;
2551000111;CXPA: CTA CTE REASEG;0;17723948239;-6633628000;;
2552;SINIESTROS LIQUIDADOS POR PAGAR;-8041981405;1,42E+12;-13261002577;;
255200;SINIESTROS LIQUIDADOS POR PAGAR;-8041981405;1,42E+12;-13261002577;;
2552000001;CXPA: SINIESTROS LIQ;-3486674844;6,31E+11;-5755231676;;
2552000002;CXPA: STROS X PAGAR;5147233;626445329;2488786;;
2552000005;CXPA: STROS X PAGAR;882960;45426300;882960;;
2552000008;CXPA: STROS X PAGAR;-5118969659;1,40E+11;-8042473804;;
2552000009;CXPA: STROS X PAGAR;557632905;5311982154;533331158;;
2552000011;CXPA: PUENTE STROS X;0;6,34E+11;0;;
2552000012;CXPA: PUENTE STROS X;0;623786882;0;;
2552000013;CXPA: PUENTE STROS X;0;5847639938;0;;
2552000015;CXPA: PUENTE INGRESO;0;2767751485;0;;
2554;OBLIGACIONES A FAVOR DE INTERMEDIARIOS;-286171491,9;46035430480;-596055260,6;;
255405;COMISIONES;-259594385,7;45812860904;-562408550,4;;
2554050011;COMISION INTERM $$$;4,16E+11;28302341193;4,31E+11;;
2554050012;COMISION INTERM US$;-1722075000;196222253;-1892701664;;
2554050021;COMISION RETORNO $$$;-4,12E+11;17313578060;-4,28E+11;;
2554050031;COMISION COA CED $$$;-1638971414;719398;-1639220702;;
2554050032;COMISION COA CED US$;-49242201;0;-49242201;;
255410;OTRAS;-26577106,19;222569576;-33646710,19;;
2554100106;CXPA: INTERMAP INTER;-26577106,19;222569576;-33646710,19;;
2556;CUENTAS POR PAGAR A CASA MATRIZ, SUBSIDIARIAS, REL;-1384646270;49592978681;-5306750261;;
255625;OTRAS;-1384646270;49592978681;-5306750261;;
2556250003;RECAUDO- CREDI;0;7334720301;-581111795;;
2556250004;RECAUDO- EXEQU;0;1380908215;-273960274;;
2556250005;CXPA: CTAS CIA VIN;-1384646270;40877350165;-4451678192;;
2590;DIVERSAS;-4035888677;21252073225;-3028609058;;
259010;CHEQUES GIRADOS NO COBRADOS;-19664630,72;0;-19664630,72;;
2590100001;CXPA: CHEQUES GIRADO;-19664630,72;0;-19664630,72;;
259070;PRIMAS POR RECAUDAR DE COASEGURO CEDIDO;-910236;980995;-801441;;
2590700001;CXPA: PRIMAS POR REC;-910236;980995;-801441;;
259095;OTRAS;-4015313810;21251092230;-3008142986;;
2590950002;CXPA: OBLIGACIONES C;-71743787;324856799;-95060566;;
2590950003;CXPA: PRIMAS NEGATIV;-1292907200;16966532804;-1295842126;;
2590950004;CXPA: PRIMAS NEGATIV;-4360401;92283256;-1270794;;
2590950102;CXPA: CXPP-CONVE;0;2425000;-2425000;;
2590950111;CXPA: PREST.CAJA.COM;0;11288184;0;;
2590950120;CXPA: CXPP-SEGUR;0;2563179,88;-2003012,13;;
2590950122;CXPA: CXPP-GASTO;-2642850345;3851143007;-1608089410;;
2590950127;CXPA: RIESGOS Y GTOS;-3452077,31;0;-3452077,31;;
26;RESERVAS TÉCNICAS;-3,53E+12;2,37E+12;-3,76E+12;;
2610;DE RIESGOS EN CURSO;-16384533569;16981370715;-14550311968;;
261010;SEGUROS DE PERSONAS;-16384533569;16981370715;-14550311968;;
2610100011;RETS: RRC-PERSONAS D;-14580551465;14324875811;-13186146013;;
2610100012;RETS: RRC-PERSONAS D;-287683457;1200125815;-235110139;;
2610100014;RETS: RRC-PERSONAS D;-471362722;48951763;-345756305;;
2610100021;RETS: RRC-COASEG ACE;-445865707;952200352;-474813845;;
2610100041;RETS: RRC-COASEG CED;-361287;377375;-282213;;
2610100042;RETS: RRC-COASEG CED;1251344;0;1251344;;
2610100044;RETS: RRC-COASEG CED;-1251407;0;-1251407;;
2610100515;RETS: RIP_DA DIR MAN;-598708868;454839598,7;-308203390,3;;
2615;RESERVA MATEMÁTICA;-2,96E+12;6,06E+11;-3,15E+12;;
261505;VIDA INDIVIDUAL;-89411976930;93054095127;-78301640489;;
2615050011;RETS: RM-SIN AHORRO;-64278893815;8440113950;-64763431418;;
2615050012;RETS: RM-SIN AHORRO;-195756046;3352;-144867740;;
2615050014;RETS: RM-SIN AHORRO;-434902991;54438761;-307940791;;
2615050016;RETS: RESERVA MANUAL;-900000000;37516737924;21830614549;;
2615050021;RETS: RM-PARTICIP/BE;-2733550051;15986121694;-4790448502;;
2615050022;RETS: RM-PARTICIP/BE;5066895,01;7200345860;-795278965;;
2615050024;RETS: RM-PARTICIP/BE;-13602933;1650734414;-161800504;;
2615050025;RETS: RM-CON AHORRO;-20860337989;22205599172;-29168487118;;
