Id,Nombre,Apellido,Edad,Ciudad,Email
1,Kimberly,Henson,22,Maryberg,xbonilla@example.org
2,Gabriela,Chavez,42,Mcphersonfort,josephsingleton@example.net
3,Zachary,York,40,Feliciamouth,johnferguson@example.com
4,Cynthia,Morgan,22,Bethville,anthony21@example.com
5,Catherine,Robinson,29,East Valerie,hernandezvanessa@example.org
6,Jared,Matthews,45,South Jenny,bradleylee@example.net
7,Noah,Silva,24,West Markview,cynthiaperez@example.com
8,Jacob,Johnson,33,Jimenezside,fhenry@example.org
9,Tiffany,Smith,45,West Robert,davilawendy@example.net
10,Judy,Stephenson,20,Kempland,robingrant@example.org
11,Katie,Garcia,26,East Jamesfurt,browntrevor@example.org
12,Keith,Wilson,44,New John,wheelermark@example.net
13,Charles,Barber,28,Pruittfurt,derek29@example.org
14,Judy,Chambers,32,Austinside,taylorheidi@example.org
15,Sandra,Miller,38,Scottshire,gscott@example.org
16,Lisa,Duffy,40,Lake Annebury,bishopsteven@example.org
17,Micheal,Davis,22,Norrisberg,hdavis@example.com
18,Amber,Schmitt,20,Barbaraton,waynehiggins@example.com
19,Elijah,Love,40,North Dana,kboyd@example.com
20,Kirk,Gutierrez,45,West Matthew,patriciathornton@example.com
21,Stephanie,Lopez,28,Calvinland,patrickromero@example.com
22,Marcus,Wilson,24,Port Saraborough,martinezcindy@example.net
23,Brian,Villanueva,34,Santosstad,tommylevy@example.net
24,Richard,Stone,21,Williamville,gsmith@example.com
25,Glenn,Hopkins,45,Calvinshire,phillipmalone@example.net
26,Zachary,Ho,24,Martinezmouth,qbriggs@example.net
27,Eric,Reyes,29,New Timothyfurt,janetmarks@example.com
28,Teresa,Clarke,26,East Cherylbury,breeves@example.com
29,Michael,Wright,48,East Louisstad,tjohnson@example.net
30,Lisa,Simon,48,Carterport,michelle91@example.net
31,Amanda,Ayala,29,West Gary,mbell@example.net
