Nombre,Apellido,Edad,Ciudad,Email,año_nacimiento,Año_Nacimiento,País
Alexandria,Bates,47,Medellin,bchavez@example.net,,1978,Desconocido
Andrea,Coleman,37,Madrid,kara73@example.org,,1988,Desconocido
Anthony,Davies,40,Sevilla,shaffernicholas@example.org,,1985,Desconocido
Ashley,Ferguson,25,Los angeles ,nstone@example.net,,2000,Desconocido
Carol,Fisher,26,Paris,rickywright@example.org,,1999,Desconocido
Christopher,Hall,20,Atenas,cbrown@example.net,,2005,Desconocido
Cody,Harrington,31,Alejandría,maria73@example.com,,1994,Desconocido
Cory,Harris,23,Pekin,raymond15@example.net,,2002,Desconocido
Danielle,Henderson,41,Pereira,timothy07@example.net,,1984,Desconocido
David,Johnson,38,Roma,michaelshields@example.com,,1987,Desconocido
Eileen,Johnson,27,Sao paul,brittanythompson@example.net,,1998,Desconocido
Jacqueline,Long,39,Moscu,wilsonkelly@example.net,,1986,Desconocido
Jason,Martin,32,Viena,bsnyder@example.net,,1993,Desconocido
Jason,Mcdonald,40,Barcelona,mark09@example.org,,1985,Desconocido
Jeffrey,Miller,31,Berlin,simssonya@example.net,,1994,Desconocido
Kathy,Morales,34,New York,andrewevans@example.org,,1991,Desconocido
Marc,Mosley,27,Chicago,frazierjohn@example.net,,1998,Desconocido
Mary,Mullins,24,Filadelfia,elizabethbaker@example.net,,2001,Desconocido
Nicole,Reed,22,Lake Brandy,tjones@example.org,,2003,Desconocido
Ricardo,Riley,26,Brettberg,feliciashaw@example.net,,1999,Desconocido
Robert,Rogers,20,Lima,cameronmartinez@example.org,,2005,Desconocido
Sarah,Schneider,42,New Patricia,joseph93@example.org,,1983,Desconocido
Scott,Schroeder,29,Hamburgo,sara34@example.org,,1996,Desconocido
Sharon,Scott,27,West Emilyside,brooke57@example.org,,1998,Desconocido
Stephen,Smith,34,Lake Jocelyn,jeremyvang@example.net,,1991,Desconocido
Steve,Webb,27,East Valerie,chadmorgan@example.org,,1998,Desconocido
Wendy,Carabian,41,Port Samuel,savannah59@example.com,,1984,Desconocido
